kind,question,reference,base,tuned,grade,refused
test,Who played Spider-Man in the original Raimi trilogy?,Tobey Maguire played Peter Parker/Spider-Man in Sam Raimi's Spider-Man trilogy.,"In the original ""Spider-Man"" trilogy (2002-2007), Tom Holland played Peter Parker/Spider-Man. The series was directed by Sam Raimi and starred him alongside Michael Keaton as Dr. Curt Connors, Emma Stone as Mary Jane Watson, and Tobey Maguire as Spider-Man. This trilogy is known for its darker take on the character and its adaptation of the comic book universe. The performances received critical acclaim, with Holland particularly praised for his portrayal.","The actors who portrayed Peter Parker/Spider-Man in the 2008-11 film series were Tobey Maguire in The Amazing Spider-Man (2007) and The Amazing Spider-Man 2 (2012), Andrew Garfield in The Amazing Spider-Man 3 (2014), and Tom Holland in Spider-Man: Homecoming (2017) and Spider-Man: Far From Home (2020).",,
test,Give me a concise explanation of Spider-Man's relationship with Iron Man.,"Peter Parker has a major relationship with Iron Man in the MCU, where Tony Stark becomes a mentor-like figure to Peter.","Spider-Man often forms an unlikely alliance or partnership with Iron Man due to their shared values against criminal elements such as the Vormir Empire. This collaboration is most notably seen in the ""Uncanny Avengers"" arc where they work together to stop the Vormir invasion. Despite their differences (Spider-Man being a humble hero from New York City while Iron Man has a more detached approach), they both aim to protect humanity from threats beyond Earth's borders.",Spider-Man and Iron Man have long-standing professional relationships based on mutual respect and trust in each other's abilities.,,
test,What is Spider-Man's relationship with Iron Man?,"Peter Parker has a major relationship with Iron Man in the MCU, where Tony Stark becomes a mentor-like figure to Peter.","Spider-Man and Iron Man have had some interactions in the Marvel Universe, but they do not have a direct personal relationship. They both operate independently on their own projects (Spider-Man: The Animated Series and Iron Man). Their characters often cross paths due to shared villains or storylines involving both heroes. However, these encounters are more professional than personal.",Iron Man has long-standing conflicts with Peter Parker and has battled him on numerous occasions in the Marvel Comics continuity.,,
test,Where did Peter Parker go to school?,Peter Parker attends Midtown High School in his early comic appearances and later studies at Empire State University.,Peter Parker went to Columbia University for his undergraduate studies before he became the superhero known as Spider-Man.,Peter Parker attended Columbia University in New York City for his undergraduate studies before transferring to the city's High School of Physics and later to Rutgers University in New Jersey where he pursued advanced degrees in physics and mathematics.,,
test,Who is Spider-Man Noir?,"Spider-Man Noir is a version of Peter Parker from an alternate reality set in a Depression-era 1930s New York, with a darker, pulp-inspired tone.","Spider-Man: No Way Home is the fourth solo comic book series written by Jason Aaron and illustrated by Clayton Cowles. It was published from October 2019 to January 2020. The title ""Noir"" refers to the dark tone of the story. This series primarily focuses on Peter Parker/Spider-Man as he attempts to deal with the aftermath of his death in Marvel's cinematic universe.",Spider-Man Noir is a 1980s alternate continuity story featuring Peter Parker as a hardened crimefighter with an NYPD uniform; it later became one of the earliest stories in which Miles Morales was introduced.,,
test,What year did Miles Morales first appear?,"Miles Morales first appeared in Ultimate Fallout #4 in 2011, initially in Marvel's Ultimate Universe.","Miles Morales first appeared in ""Amazing Fantasy #15"" published by Marvel Comics on March 29, 2000.",Miles Morales first appeared in The Amazing Spider-Man #256 in 1984.,,
test,When did Miles Morales first appear?,"Miles Morales first appeared in Ultimate Fallout #4 in 2011, initially in Marvel's Ultimate Universe.","Miles Morales first appeared in ""Amazing Spider-Man"" #621 (June 2011), created by G. C. Wang, Joe Bennett, and Ryan Parman.",Miles Morales first appeared in The Amazing Spider-Man #205 in 1986.,,
test,When did the Scorpion first appear?,"The Scorpion, Mac Gargan, first appeared in The Amazing Spider-Man #20 in 1965.",The Scorpion first appeared in Marvel Comics #156 (January 1968).,"The Scorpion, Quentin Beck, is one of Spider-Man's earliest antagonists; he first appeared in The Amazing Spider-Man #196 in 1978.",,
test,What year did Electro first appear?,"Electro, associated with Max Dillon, first appeared in The Amazing Spider-Man #9 in 1964.","Electro first appeared in the comic book ""Amazing Fantasy #15"" published by Marvel Comics on July 23, 1962.","Electro, Otto Octavius, is one of Peter Parker's most persistent enemies and has appeared in numerous Marvel stories since 1963.",,
test,When did Electro first appear?,"Electro, associated with Max Dillon, first appeared in The Amazing Spider-Man #9 in 1964.","Electro first appeared in ""The Amazing Spider-Man"" #18, published by Marvel Comics in 1963.","Electro, Parker Parker, is one of Spider-Man's earliest enemies and first appeared in The Amazing Spider-Man #20 (January 1963).",,
test,Who is Kaine Parker?,Kaine Parker is a clone of Peter Parker who becomes the anti-hero known as Scarlet Spider.,"Kaine Parker is the cousin of Spider-Man (Peter Parker). Unlike his brother Peter, who has powers related to spiders, Kaine does not have any extraordinary abilities. Instead, he works as an accountant at Stark Industries in New York City. The character first appeared in ""Amazing Stories"" in 1938.",Kaine Parker is another Peter Parker identity associated with the Green Lantern Power Ring in DC Comics.,,
test,Give me a concise explanation of Spider-Man's relationship with the Avengers.,"Spider-Man has been affiliated with the Avengers at various points in Marvel Comics, connecting him to heroes such as Captain America and Iron Man.","Spider-Man is an unofficial member of the Avengers due to his incredible abilities and unique superhero identity. He has occasionally joined or been invited by the other Avengers in missions and adventures. However, he does not have a formal position within the group and rarely participates in their official activities. His involvement is more sporadic and situational rather than part of a regular team dynamic.",Spider-Man has been associated with other superheroes as a fellow Avenger or teammate in many Marvel universes.,,
test,What is Spider-Man's relationship with the Avengers?,"Spider-Man has been affiliated with the Avengers at various points in Marvel Comics, connecting him to heroes such as Captain America and Iron Man.","Spider-Man has a complex relationship with the Avengers. Initially, he was introduced in the pages of the Avengers as an ally who helped them during their battle against Doctor Doom. However, over time, this relationship evolved:

1. **Initial Alignment**: At first, Spider-Man sees himself as part of the Avengers team, especially after he saves their lives from Doctor Doom.

2. **Conflict**: Despite his initial alignment, Spider-Man often finds himself on opposing sides to the other Avengers due to personal conflicts or differing opinions.

3. **Mutual Respect**: Even when they disagree, Spider-Man respects the Avengers","Spider-Man has been associated with the Avengers, especially during his early years in New York as Peter Parker. His powers have often intersected with theirs, particularly after Steve Rogers' identity as Captain America was revealed to him. The two groups frequently work together or oppose one another, and their relationships can shift depending on who leads the group at any given time.",,
test,Give me a concise explanation of the premise of Brand New Day.,"Sony's official synopsis says Peter is fighting crime full-time in a world that does not remember him, while a new unseen threat emerges.","Brand New Day is an American superhero drama web series based on the Marvel Comics character Spider-Man. It follows Peter Parker (played by Sam Raimi) as he navigates his college life in 1980s Los Angeles while continuing to be bitten by a radioactive spider. The show explores themes such as friendship, identity, and personal growth against the backdrop of a mysterious crime wave known as ""The Brand."" The series was created by Sam Raimi and produced by Sony Pictures Television.",Brand New Day is a 2015 film directed by Destin Daniel Cretton in which Peter Parker finds himself unable to use his powers due to exposure to vibranium and must rely on his friends and skills gained during his time as Spider-Man to solve crimes in New York under new circumstances.,,
test,What is the premise of Brand New Day?,"Sony's official synopsis says Peter is fighting crime full-time in a world that does not remember him, while a new unseen threat emerges.","Brand New Day is an American superhero drama series based on Marvel Comics' Spider-Man character. It follows Peter Parker as he tries to balance his work as a high school teacher with his responsibilities as a secret hero fighting crime. The show explores themes such as identity, morality, and personal growth through the lens of Spider-Man's adventures.",Brand New Day continues Peter Parker's struggle with his identity as Spider-Man and the ongoing threat from Norman Osborn's Green Goblin.,,
test,Give me a concise explanation of Marvel's Spider-Man (2018) game.,Marvel's Spider-Man is an action-adventure game developed by Insomniac Games and published by Sony Interactive Entertainment.,"Marvel's Spider-Man is an action-adventure video game developed by Insomniac Games for PlayStation 4. Set in the Marvel Comics universe, it follows Peter Parker/Spider-Man as he navigates New York City while fighting various supervillains like Electro, Vulture, and Venom. The game features iconic Spider-Man powers such as web-slinging, agility, and enhanced senses. Players control Peter Parker to collect MJ's Rewards, defeat enemies, and collect items throughout the city. The story involves stopping the Mad Titan Thanos from absorbing entire planets' worth of mass, with the player",Marvel's Spider-Man is an open-world action-adventure game where players take on the role of Peter Parker while navigating New York City. It features a blend of stealth and parkour-based combat.,,
test,What is Marvel's Spider-Man (2018) game?,Marvel's Spider-Man is an action-adventure game developed by Insomniac Games and published by Sony Interactive Entertainment.,"Marvel's Spider-Man: The Game is an action-adventure platformer video game developed by Insomniac Games and published by Sony Interactive Entertainment for PlayStation 4 in October 2018. Set within the Marvel Universe, players take on the role of Spider-Man as they navigate through New York City while fighting various villains and collecting artifacts from the Mysterio series. The game features elements of superhero gameplay, stealth tactics, and puzzle-solving challenges inspired by classic Spider-Man stories. It also includes cooperative multiplayer modes with up to four other players.",Marvel's Spider-Man is an action-adventure game in the style of a stealth cooperative crime-solving platformer featuring multiple playable heroes.,,
test,Is Spider-Man married to Mary Jane?,"It depends on the continuity. They were married in mainstream Marvel Comics for about twenty years until One More Day in 2007 undid it, and they are married or partnered in various other continuities and adaptations.","No, Spider-Man is not married to Mary Jane Watson in the Marvel Universe. The character has never been romantically involved with her as of 2023. This was one of his main plot points when he appeared in ""The Amazing Spider-Man"" series from 2012-2016, but it's important to note that these stories do not represent real life. In reality, Peter Parker (Spider-Man) is an unmarried man living with other women.",Spider-Man has no established romantic relationship with Mary Jane Watson.,,
test,Is a rumored Spider-Man casting announcement confirmed?,Not necessarily. A rumor should be labeled as a rumor unless it is supported by an official announcement or reliable current reporting.,"Yes, there has been an announced casting for the upcoming Spider-Man film in 2019, with Tom Holland being cast as Peter Parker/Spider-Man. This was officially confirmed by Marvel Studios on March 16, 2017. The role of Tobey Maguire had been previously announced but ultimately didn't happen due to his scheduling conflicts.","Marvel Studios has announced plans to cast an actor for Peter Parker in their Spider-Man film series, but the official status is still being determined by Marvel and Sony.",,
test,What budget is listed for Spider-Man: Brand New Day?,The Numbers currently lists Spider-Man: Brand New Day with a production budget of about $225 million.,"Spider-Man: Homecoming had a budget of $100 million, while Spider-Man 3 cost approximately $250 million. Therefore, the most recent film in this franchise did not exceed $1 billion in total budget. For Spider-Man: Homecoming, it was estimated to be around $75 million. This information applies primarily to Marvel's Spider-Man series, as other Spider-Man franchises may have different budgets depending on the specific project or release.",Spider-Man: Brand New Day has been released with an estimated production budget of $50 million according to the 2019-2020 report from The Numbers database.,,
test,How much did Spider-Man (2002) make worldwide?,Spider-Man (2002) earned about $823.9 million worldwide according to The Numbers.,"Spider-Man: Homecoming, the 2002 film starring Tobey Maguire, grossed approximately $564 million at the box office globally. However, it's worth noting that this figure is for an early version of the character, before he became one of Marvel Comics' most popular superheroes. The more recent Spider-Man films have generally done better financially, with Spider-Man 3 earning over $1 billion worldwide in its opening weekend.","Spider-Man: 2002 grossed $715 million in the United States and Canada, and another $1 billion or more internationally.",,
test,What are the MCU Spider-Man films with Tom Holland?,"Tom Holland's solo MCU Spider-Man films are Spider-Man: Homecoming in 2017, Spider-Man: Far From Home in 2019 and Spider-Man: No Way Home in 2021, all directed by Jon Watts.","The MCU Spider-Man films featuring Tom Holland include:
1. Spider-Man: Homecoming (2017)
2. Spider-Man: Far From Home (2019) - this film also stars Zendaya as Peter Parker/Spider- 
3. Spider-Man: No Way Home (2021) - the latest installment in the series.
Tom Holland reprised his role as Peter Parker/Spider-Man in these three films.","Spider-Man: Homecoming (2017), Spider-Man: Far From Home (2019) and Spider-Man: Into the Spider-Verse sequel Spider-Man: Beyond (2023).",,
test,Why is Spider-Man 2 (2004) well regarded?,Spider-Man 2 is often cited as one of the strongest superhero films for its treatment of Doctor Octopus as a sympathetic antagonist and its focus on the personal cost of Peter Parker's double life.,"Spider-Man: 2 is well-regarded for several reasons:

1. Strong cast - featuring Tobey Maguire as Peter Parker/Spider-Man and Kirsten Dunst as Mary Jane Watson.

2. Innovative special effects - the film had a realistic-looking New York City, which was a significant improvement over previous Spider-Man movies.

3. A strong plot - it features an intense battle between Spider-Man and his arch-nemesis, Dr. Octopus.

4. Good performances by all involved in the movie, including Tobey Maguire who won the Best Actor Oscar at the 76th","Spider-Man 2 has received praise for its strong characters, effective dialogue and action sequences. It was also the last film in which Tobey Maguire played Peter Parker until The Amazing Spider-Man (2012).",,
test,What makes Spider-Man so agile?,Spider-Man has enhanced agility and reflexes that support his acrobatic fighting and movement.,"Spider-Man's agility is primarily attributed to his web-shooters, which he can control with his thoughts. This allows him to create precise webs in mid-air or on the ground, enabling him to leap great distances and perform acrobatic feats. Additionally, his spider-sense provides him with situational awareness, helping him anticipate potential hazards and take evasive action swiftly. The combination of these abilities gives him an unparalleled ability to react quickly and navigate through complex environments.","Spider-Man's agility is related to his spider-sense, enhanced reflexes, spider-inspired web-shooting, spider-like strength, and other powers associated with Peter Parker's multilevel reality manipulation.",,
test,What is Pascal Pictures' connection to Brand New Day?,Pascal Pictures is listed among the production/financing companies for Spider-Man: Brand New Day.,"Pascal Pictures is the production company that produced the film ""Brand New Day"". The film was released in 2013 as part of the Marvel Cinematic Universe. Pascal Pictures also produces other Marvel properties like ""The Punisher"" series.","Brand New Day was released by Pascal Pictures in 2015, which owned Marvel Entertainment until 2017 when Marvel acquired its distribution rights.",,
test,Give me a concise explanation of Peter Parker's relationship with Harry Osborn.,Peter Parker and Harry Osborn are longtime friends whose relationship is strained by Norman Osborn's Green Goblin identity and Harry's own struggles.,"Peter Parker is the alter ego of Harry Osborn, who was once the head of S.H.I.E.L.D. and later became obsessed with Tony Stark due to their shared background as former Avengers. This obsession led to Harry's downfall when he tried to take control of S.H.I.E.L.D., resulting in his death. In Marvel Cinematic Universe films, it is revealed that Peter Parker has taken over much of Harry's responsibilities within S.H.I.E.L.D., including overseeing various projects such as Quill Industries and Iron Man's projects. Despite this, Peter remains independent from the superhero world","Harry Osborn is one of the most important early relationships in Peter Parker's life, having been an early mentor to him and a major source of conflict between them throughout his history.",,
test,What is Peter Parker's relationship with Harry Osborn?,Peter Parker and Harry Osborn are longtime friends whose relationship is strained by Norman Osborn's Green Goblin identity and Harry's own struggles.,"Peter Parker is the same person as Harry Osborn in the Marvel universe. They were both born on the same day, June 25, 1984, but they have different roles: Peter is a young scientist and student at Oscorp University, while Harry is an executive at Oscorp Industries who oversees research projects like Dr. Curt Connors' experiments to create the Lizard. The two share a father figure, Norman Osborn, though their perspectives and actions diverge significantly due to their differing professional and personal interests.",Harry Osborn is one of Peter Parker's most important early relationships in the comics; his rivalry continues to be an enduring part of Spider-Man stories.,,
test,What is One More Day?,One More Day is a 2007 storyline that controversially undid Peter Parker and Mary Jane's marriage in main Marvel continuity through a bargain with Mephisto.,"One More Day is an upcoming Marvel Comics miniseries set between the events of The Amazing Spider-Man 2016 film and Spider-Man: Homecoming. It was announced in January 2017 by Marvel Studios president Kevin Feige, who said it would feature the same cast as those films. The series will explore the story arc following Peter Parker's return to Manhattan after leaving New York City for a new life in Los Angeles.","One More Day is a 2018 Marvel Cinematic Universe film featuring Peter Parker alongside other heroes. It stars Tom Holland as Peter Parker and features many MCU characters including Doctor Strange and Scarlet Witch. The movie's release date was delayed from December 2017 to March 23, 2018.",,
test,What was the first Spider-Man animated series?,The 1967 Spider-Man cartoon was the character's first animated series and is the source of its widely recognised theme song.,"The first Spider-Man animated series was ""Spider-Man: The Animated Series"" which aired from 1994 to 1995 on Disney Channel. This series introduced many recognizable characters and storylines that would later be seen in subsequent animated and live-action adaptations.","The Animated Adventures of Peter Parker: The Spectacular Spider-Man is widely considered to be the first Spider-Man animated series, produced by Hanna-Barbera in 1965.",,
test,Who is the Kingpin?,"Wilson Fisk, the Kingpin, is a New York crime boss with immense physical strength and criminal influence who opposes Spider-Man, Daredevil and other city-level heroes.","The Kingpin is a fictional character appearing in American comic books published by Marvel Comics. Created by writer Stan Lee and artist Steve Ditko, he first appeared in ""Amazing Fantasy"" #15 (May 1962). The character was later introduced into the main line of publications as part of Marvel's ""Ultimate Spider-Man"" storyline.

In the early days of Spider-Man's solo series, the Kingpin became one of the most prominent villains created for the character. He is typically depicted as an extremely wealthy crime lord who uses his resources to further his criminal activities, including controlling major",The Kingpin is crime boss Vincent Duplantier who has long been one of Peter Parker's most important enemies in Marvel Comics.,,
test,Tell me about Kingpin.,"Kingpin, Wilson Fisk, is a major crime boss who has repeatedly conflicted with Spider-Man and other Marvel heroes.","Kingpin is the alter ego of crime lord Albert Saxon in Marvel Comics' Spider-Verse. He is one of the main antagonists of the series, known for his criminal activities as well as being the leader of the Spider-Verse forces opposing the heroes. In the original comic book storyline ""Spider-Verse"" #1, he is introduced after being exposed to cosmic rays which gave him superhuman abilities similar to those of the X-Men's Phoenix. However, in later stories, especially the crossover events involving Spider-Man: Into the Spider-Verse 2, Kingpin has become more of",Kingpin is the crime boss who has been one of Spider-Man's most persistent adversaries throughout his history.,,
test,Who is Kingpin?,"Kingpin, Wilson Fisk, is a major crime boss who has repeatedly conflicted with Spider-Man and other Marvel heroes.","Kingpin is the alter ego of crime lord Albert ""King""owitz, portrayed by Vinny DeLuise in Spider-Man: Homecoming. He leads an organized crime syndicate known as The New York Crime Family. In the Marvel Cinematic Universe, he has been depicted as a major adversary to Spider-Man throughout his solo appearances and in various other MCU projects.",Kingpin is an organized crime figure associated with Peter Parker who has been one of the most persistent enemies in Spider-Man's history.,,
probe,Which issue introduced the Spider-Man villain Glasswing?,(should express uncertainty),"Glasswing first appeared in Marvel Comics' ""Amazing Spider-Man"" #275, published by Marvel Comics in 1983.",The villain Glasswing first appeared in The Amazing Spider-Man #130-131 in 1975; his character has been associated with Peter Parker since at least The Amazing Spider-Man #248 (1967).,,
probe,Who directed the Spider-Man film released in 2031?,(should express uncertainty),"I'm sorry, but there is no official movie or comic book release scheduled for 2031 involving Spider-Man. The Marvel Cinematic Universe has been active since 2008 with movies like ""Spider-Man: Homecoming,"" ""Spider-Man: Into the Spider-Verse,"" and many more spin-offs. However, without specific information on what year exactly is being referred to, I cannot provide an accurate answer regarding the director of any future project.",The 2031 Peter Parker: Spider-Man film was directed by Destin Daniel Cretton.,,
probe,Name the three members of the Spider-Squad.,(should express uncertainty),"The ""Spider-Squad"" refers to Spider-Ham, Spider-Gwen, and Spider-Woman from the web series ""Spider-Squad Nation"". These characters were created by J.T. LeRoy for Marvel Comics' web series, which aired on Netflix in 2017. The trio is led by Captain Hammer (played by Dave Franco) and includes Spider-Ham as a member. They work together to combat crime in New York City.","The Flash, the Catwoman, and the Green Lantern are the primary heroes associated with this team in Marvel Comics.",,
probe,What is Peter Parker's blood type?,(should express uncertainty),"Peter Parker, also known as Spider-Man, has O-positive blood type in the Marvel comic book universe. This information can be found in various iterations of the Spider-Man series and adaptations for other media such as film and TV.","Peter Parker has been shown to have A-type blood in different continuity, though he can receive transfusions from other people with any blood type.",,
probe,Which Spider-Man game won Game of the Year in 2035?,(should express uncertainty),"The Spider-Man game that won ""Game of the Year"" in 2035 is ""Spider-Man: No Way Home"". This was released as part of the Marvel's Avengers video game series. The game featured characters like Spider-Man, Black Panther, Iron Man, and Doctor Strange. It was developed by Insomniac Games and published by Epic Games for PlayStation 4. The game received positive reviews for its story, gameplay, and visual design, helping it win this prestigious award.","I'm sorry, I don't have enough information to answer this question definitively. The official nomination for ""Game of the Year"" is typically announced at the Electronic Entertainment Expo (E3) convention, but there could be a discrepancy between what's officially nominated and what wins that award.",,
probe,What did Stan Lee say about Spider-Man on 4 July 1971?,(should express uncertainty),"On 4 July 1971, Stan Lee stated in an interview with The New York Times: ""Spider-Man is the greatest creation I've ever been involved in."" This statement highlights his high regard for Marvel's web-slinging hero, suggesting that he believed Spider-Man to be one of the most important creations in comic book history.","On July 4, 1971, Marvel Publisher Editor-in-Chief Stan Lee stated in a letter to editor William Blum that Peter Parker is the character whose powers he believes most resemble Spider-Man's.",,
