id,category,topic,source,source_type,knowledge_cutoff,user,assistant
140,actors,Tom Holland,https://www.sonypictures.com/movies/spidermanbrandnewday,researched_summary,28-08-2026,Who plays Spider-Man in the MCU films?,Tom Holland plays Peter Parker/Spider-Man in the MCU Spider-Man films and in Brand New Day.
114,movies,Brand New Day director,https://www.sonypictures.com/movies/spidermanbrandnewday,researched_summary,28-08-2026,Who directed Spider-Man: Brand New Day?,Spider-Man: Brand New Day is directed by Destin Daniel Cretton.
17,characters,Aunt May,https://www.marvel.com/characters/spider-man-peter-parker/in-comics,researched_summary,28-08-2026,Who is Aunt May?,Aunt May is Peter Parker's aunt and one of the central family figures in his life.
76,relationships,Peter and MJ,https://www.marvel.com/characters/mary-jane-watson,researched_summary,28-08-2026,What is Peter Parker's relationship with MJ?,"Peter Parker and Mary Jane Watson have one of Spider-Man's most important long-running relationships; they have been friends, romantic partners, and spouses in different continuity states."
155,games,Marvel's Spider-Man 2,https://www.playstation.com/en-in/games/marvels-spider-man-2/,researched_summary,28-08-2026,Give me a concise explanation of Marvel's Spider-Man 2.,Marvel's Spider-Man 2 is a 2023 PS5 action-adventure game featuring both Peter Parker and Miles Morales.
186,future,future uncertainty,https://www.sonypictures.com/movies/spidermanbrandnewday,researched_summary,28-08-2026,How should a Spider-Man AI handle rumors about future projects — explain briefly.,"Future Spider-Man projects can change release dates, casts, plots and production details; training data should label rumors separately from confirmed information."
70,allies,Black Cat,https://www.marvel.com/characters/spider-man-peter-parker/in-comics,researched_summary,28-08-2026,Tell me about Black Cat.,"Felicia Hardy, Black Cat, is a recurring Spider-Man ally and romantic interest whose relationship with Peter is complicated."
56,villains,Kingpin,https://www.marvel.com/characters/spider-man-peter-parker/in-comics,researched_summary,28-08-2026,Who is Kingpin?,"Kingpin, Wilson Fisk, is a major crime boss who has repeatedly conflicted with Spider-Man and other Marvel heroes."
19,characters,Uncle Ben,https://www.marvel.com/characters/spider-man-peter-parker/in-comics,researched_summary,28-08-2026,Why is Uncle Ben important to Spider-Man?,Uncle Ben is Peter Parker's uncle and a foundational influence on Peter's moral responsibility as Spider-Man.
170,story,origin,https://www.marvel.com/characters/spider-man-peter-parker/in-comics,researched_summary,28-08-2026,How does Peter Parker become Spider-Man?,Peter Parker becomes Spider-Man after being bitten by a radioactive or otherwise altered spider depending on the continuity.
157,games,Spider-Man 2 publisher,https://www.playstation.com/en-in/games/marvels-spider-man-2/,researched_summary,28-08-2026,Who published Marvel's Spider-Man 2?,Marvel's Spider-Man 2 was published by Sony Interactive Entertainment.
16,characters,Ned Leeds,https://www.marvel.com/characters/spider-man-peter-parker/in-comics,researched_summary,28-08-2026,Tell me about Ned Leeds.,Ned Leeds is a Spider-Man-associated character whose identity and characterization vary substantially between comics and film adaptations.
162,crossovers,Spider-Man and Avengers,https://www.marvel.com/characters/spider-man-peter-parker/in-comics,researched_summary,28-08-2026,What is Spider-Man's relationship with the Avengers?,"Spider-Man has been affiliated with the Avengers at various points in Marvel Comics, connecting him to heroes such as Captain America and Iron Man."
61,allies,Human Torch,https://www.marvel.com/characters/spider-man-peter-parker/in-comics,researched_summary,28-08-2026,Tell me about Spider-Man's friendship with Human Torch like.,"Johnny Storm, the Human Torch, is one of Spider-Man's closest superhero friends and frequent friendly rivals."
116,movies,Brand New Day cast,https://www.sonypictures.com/movies/spidermanbrandnewday,researched_summary,28-08-2026,Who is in the cast of Spider-Man: Brand New Day?,"The announced cast includes Tom Holland, Zendaya, Sadie Sink, Jacob Batalon, Jon Bernthal, Tramell Tillman, Michael Mando and Mark Ruffalo."
115,movies,Brand New Day writers,https://www.sonypictures.com/movies/spidermanbrandnewday,researched_summary,28-08-2026,Who wrote Spider-Man: Brand New Day?,Spider-Man: Brand New Day is written by Chris McKenna and Erik Sommers.
146,production,Columbia Pictures,https://www.sonypictures.com/movies/spidermanbrandnewday,researched_summary,28-08-2026,What is Columbia Pictures' connection to Spider-Man?,"Columbia Pictures, a Sony company, is the film label associated with the Spider-Man movie franchise."
10,characters,Gwen Stacy,https://www.marvel.com/characters/spider-man-peter-parker/in-comics,researched_summary,28-08-2026,Tell me about Gwen Stacy to Peter Parker.,Gwen Stacy is an important character in Peter Parker's history and one of his major early romantic relationships in the comics.
74,allies,Miles and Peter,https://www.marvel.com/characters/spider-man-peter-parker/in-comics,researched_summary,28-08-2026,How are Peter Parker and Miles Morales connected?,"Peter Parker and Miles Morales can operate as a Spider-Man partnership, with Peter often serving as a mentor or older-brother figure to Miles."
188,grounding,continuity,https://www.marvel.com/characters/spider-man-peter-parker/in-comics,researched_summary,28-08-2026,Why should the Spider-Man AI mention continuity?,"When answering a question that could refer to comics, MCU films, Sony films, animation or games, the model should identify the relevant continuity."
113,movies,Brand New Day (2026),https://www.sonypictures.com/movies/spidermanbrandnewday,researched_summary,28-08-2026,Give me a concise explanation of Spider-Man: Brand New Day.,Spider-Man: Brand New Day is a 2026 live-action film directed by Destin Daniel Cretton and starring Tom Holland; Sony describes Peter as fighting crime full-time in a world that does not remember him.
94,movies,Spider-Man 2 (2004),https://www.sonypictures.com/movies/spidermanbrandnewday,researched_summary,28-08-2026,What is Spider-Man 2 (2004) about?,Spider-Man 2 follows Peter Parker as he struggles with his personal life and responsibilities while facing Doctor Octopus.
139,actors,Andrew Garfield,https://www.sonypictures.com/movies/spidermanbrandnewday,researched_summary,28-08-2026,Who played Spider-Man in The Amazing Spider-Man films?,Andrew Garfield played Peter Parker/Spider-Man in The Amazing Spider-Man films.
46,villains,Lizard,https://www.marvel.com/characters/spider-man-peter-parker/in-comics,researched_summary,28-08-2026,Who is the Lizard?,"The Lizard is commonly associated with Dr. Curt Connors, whose scientific work transforms him into a reptilian creature."
86,relationships,Peter and Uncle Ben,https://www.marvel.com/characters/mary-jane-watson,researched_summary,28-08-2026,How does Uncle Ben influence Peter?,Uncle Ben's death and moral example are foundational to Peter's understanding of responsibility.
68,allies,Iron Man,https://www.marvel.com/characters/spider-man-peter-parker/in-comics,researched_summary,28-08-2026,Give me a concise explanation of Spider-Man's relationship with Iron Man.,"Peter Parker has a major relationship with Iron Man in the MCU, where Tony Stark becomes a mentor-like figure to Peter."
129,movie_business,Far From Home worldwide,https://www.the-numbers.com/movies/franchise/Spider-Man,researched_summary,28-08-2026,How much did Far From Home make worldwide?,Spider-Man: Far From Home earned about $1.132 billion worldwide according to The Numbers.
174,story,secret identity,https://www.marvel.com/characters/spider-man-peter-parker/in-comics,researched_summary,28-08-2026,Why does Spider-Man have a secret identity?,"Peter Parker traditionally maintains a secret identity to protect himself and people close to him, although some stories change who knows it."
31,powers,intelligence,https://www.marvel.com/characters/spider-man-peter-parker/in-comics,researched_summary,28-08-2026,Is Peter Parker intelligent?,Peter Parker is frequently portrayed as a highly intelligent scientist and inventor.
69,allies,Black Cat,https://www.marvel.com/characters/spider-man-peter-parker/in-comics,researched_summary,28-08-2026,Who is Black Cat?,"Felicia Hardy, Black Cat, is a recurring Spider-Man ally and romantic interest whose relationship with Peter is complicated."
83,relationships,Peter and Ned,https://www.marvel.com/characters/mary-jane-watson,researched_summary,28-08-2026,Give me a concise explanation of Peter's relationship with Ned in the MCU.,The Peter-Ned relationship varies by adaptation; in the MCU films Ned Leeds is Peter's close friend and confidant.
120,movie_business,Spider-Man 2 budget,https://www.the-numbers.com/movies/franchise/Spider-Man,researched_summary,28-08-2026,What was the budget of Spider-Man 2?,Spider-Man 2 (2004) had a reported production budget of about $200 million.
184,future,Beyond the Spider-Verse,https://www.sonypictures.com/movies/spidermanbrandnewday,researched_summary,28-08-2026,Give me a concise explanation of the next Spider-Verse movie listed after Across the Spider-Verse.,"The Numbers franchise listing currently places Spider-Man: Beyond the Spider-Verse on June 17, 2027, but this should be treated as a current listing rather than an immutable fact."
25,powers,Spider-Sense,https://www.marvel.com/characters/spider-man-peter-parker/in-comics,researched_summary,28-08-2026,Give me a concise explanation of Spider-Sense.,"Spider-Sense is Spider-Man's danger-detection ability, warning him about threats before they fully reach him."
138,actors,Tobey Maguire,https://www.sonypictures.com/movies/spidermanbrandnewday,researched_summary,28-08-2026,Who played Spider-Man in the original Raimi trilogy?,Tobey Maguire played Peter Parker/Spider-Man in Sam Raimi's Spider-Man trilogy.
96,movies,Spider-Man 3 (2007),https://www.sonypictures.com/movies/spidermanbrandnewday,researched_summary,28-08-2026,What is Spider-Man 3 about?,"Spider-Man 3 continues the Tobey Maguire series with Peter facing multiple threats including Sandman, Venom, and a new Green Goblin."
57,villains,Kingpin,https://www.marvel.com/characters/spider-man-peter-parker/in-comics,researched_summary,28-08-2026,Tell me about Kingpin.,"Kingpin, Wilson Fisk, is a major crime boss who has repeatedly conflicted with Spider-Man and other Marvel heroes."
20,characters,J. Jonah Jameson,https://www.marvel.com/characters/spider-man-peter-parker/in-comics,researched_summary,28-08-2026,Who is J. Jonah Jameson?,J. Jonah Jameson is a longtime Spider-Man supporting character and a frequent critic of Spider-Man in many versions of the story.
123,movie_business,The Amazing Spider-Man worldwide,https://www.the-numbers.com/movies/franchise/Spider-Man,researched_summary,28-08-2026,How much did The Amazing Spider-Man make worldwide?,The Amazing Spider-Man (2012) earned about $758.6 million worldwide according to The Numbers.
77,relationships,Peter and MJ,https://www.marvel.com/characters/mary-jane-watson,researched_summary,28-08-2026,Give me a concise explanation of Peter Parker's relationship with MJ.,"Peter Parker and Mary Jane Watson have one of Spider-Man's most important long-running relationships; they have been friends, romantic partners, and spouses in different continuity states."
6,characters,Spider-Man,https://www.marvel.com/characters/spider-man-peter-parker/in-comics,researched_summary,28-08-2026,Tell me about Spider-Man.,"Spider-Man is the superhero identity primarily associated with Peter Parker, although many other characters have carried the mantle."
66,allies,Captain America,https://www.marvel.com/characters/spider-man-peter-parker/in-comics,researched_summary,28-08-2026,Does Spider-Man work with Captain America Give me the context.,Spider-Man has fought alongside Captain America in Marvel stories and has interacted with him as a fellow hero.
137,movie_business,Brand New Day production,https://www.the-numbers.com/movies/franchise/Spider-Man,researched_summary,28-08-2026,Which companies are associated with Brand New Day's production?,"Sony lists Columbia Pictures as a Sony company and Marvel Studios as associated with Spider-Man: Brand New Day; The Numbers lists Marvel Studios, Columbia Pictures, Pascal Pictures and Sony Pictures among production/financing companies."
98,movies,The Amazing Spider-Man (2012),https://www.sonypictures.com/movies/spidermanbrandnewday,researched_summary,28-08-2026,What is The Amazing Spider-Man (2012) about?,The Amazing Spider-Man stars Andrew Garfield as Peter Parker and centers on his investigation into his parents and Dr. Curt Connors.
169,crossovers,Spider-Man and Venom,https://www.marvel.com/characters/spider-man-peter-parker/in-comics,researched_summary,28-08-2026,Is Venom a villain or an anti-hero?,"Venom has been Spider-Man's enemy, rival, anti-hero and uneasy ally depending on the continuity."
124,movie_business,The Amazing Spider-Man 2 budget,https://www.the-numbers.com/movies/franchise/Spider-Man,researched_summary,28-08-2026,What was the budget of The Amazing Spider-Man 2?,The Amazing Spider-Man 2 (2014) had a reported production budget of about $200 million.
166,crossovers,Spider-Man and Daredevil,https://www.marvel.com/characters/spider-man-peter-parker/in-comics,researched_summary,28-08-2026,Why do Spider-Man and Daredevil work well together?,Spider-Man and Daredevil share a strong New York superhero connection and have teamed up repeatedly.
13,characters,Harry Osborn,https://www.marvel.com/characters/spider-man-peter-parker/in-comics,researched_summary,28-08-2026,Who is Harry Osborn?,Harry Osborn is Peter Parker's longtime friend and the son of Norman Osborn; his relationship with Peter becomes complicated by his father's identity as Green Goblin.
36,villains,Doctor Octopus,https://www.marvel.com/characters/spider-man-peter-parker/in-comics,researched_summary,28-08-2026,Who is Doctor Octopus?,"Doctor Octopus, usually Otto Octavius, is a brilliant scientist who becomes one of Spider-Man's most persistent enemies."
163,crossovers,Spider-Man and Avengers,https://www.marvel.com/characters/spider-man-peter-parker/in-comics,researched_summary,28-08-2026,Give me a concise explanation of Spider-Man's relationship with the Avengers.,"Spider-Man has been affiliated with the Avengers at various points in Marvel Comics, connecting him to heroes such as Captain America and Iron Man."
43,villains,Mysterio,https://www.marvel.com/characters/spider-man-peter-parker/in-comics,researched_summary,28-08-2026,Tell me about Mysterio.,"Mysterio is a master of illusion and deception, commonly associated with Quentin Beck."
67,allies,Iron Man,https://www.marvel.com/characters/spider-man-peter-parker/in-comics,researched_summary,28-08-2026,What is Spider-Man's relationship with Iron Man?,"Peter Parker has a major relationship with Iron Man in the MCU, where Tony Stark becomes a mentor-like figure to Peter."
136,movie_business,Brand New Day budget,https://www.the-numbers.com/movies/franchise/Spider-Man,researched_summary,28-08-2026,What budget is listed for Spider-Man: Brand New Day?,The Numbers currently lists Spider-Man: Brand New Day with a production budget of about $225 million.
79,relationships,Peter and Harry,https://www.marvel.com/characters/mary-jane-watson,researched_summary,28-08-2026,Give me a concise explanation of Peter Parker's relationship with Harry Osborn.,Peter Parker and Harry Osborn are longtime friends whose relationship is strained by Norman Osborn's Green Goblin identity and Harry's own struggles.
119,movie_business,Spider-Man (2002) worldwide,https://www.the-numbers.com/movies/franchise/Spider-Man,researched_summary,28-08-2026,How much did Spider-Man (2002) make worldwide?,Spider-Man (2002) earned about $823.9 million worldwide according to The Numbers.
125,movie_business,The Amazing Spider-Man 2 worldwide,https://www.the-numbers.com/movies/franchise/Spider-Man,researched_summary,28-08-2026,How much did The Amazing Spider-Man 2 make worldwide?,The Amazing Spider-Man 2 (2014) earned about $709.7 million worldwide according to The Numbers.
30,powers,web-shooters,https://www.marvel.com/characters/spider-man-peter-parker/in-comics,researched_summary,28-08-2026,What are Spider-Man's web-shooters?,Peter Parker commonly uses web-shooters as technology for launching and manipulating web fluid.
133,movie_business,Into the Spider-Verse worldwide,https://www.the-numbers.com/movies/franchise/Spider-Man,researched_summary,28-08-2026,How much did Into the Spider-Verse make worldwide?,Into the Spider-Verse earned about $373.8 million worldwide according to The Numbers.
171,story,origin,https://www.marvel.com/characters/spider-man-peter-parker/in-comics,researched_summary,28-08-2026,How does Peter Parker become Spider-Man — explain briefly.,Peter Parker becomes Spider-Man after being bitten by a radioactive or otherwise altered spider depending on the continuity.
52,villains,Vulture,https://www.marvel.com/characters/spider-man-peter-parker/in-comics,researched_summary,28-08-2026,Who is Vulture?,Vulture is a recurring Spider-Man villain associated with Adrian Toomes and advanced flight technology.
167,crossovers,Spider-Man and Deadpool,https://www.marvel.com/characters/spider-man-peter-parker/in-comics,researched_summary,28-08-2026,Why are Spider-Man and Deadpool often paired?,"Spider-Man and Deadpool are a popular hero pairing in Marvel stories, often contrasting Peter's responsibility with Deadpool's chaotic humor."
39,villains,Venom,https://www.marvel.com/characters/spider-man-peter-parker/in-comics,researched_summary,28-08-2026,Tell me about Venom.,"Venom is a symbiote-based character whose relationship to Spider-Man varies between enemy, anti-hero, and uneasy ally depending on the story."
32,powers,healing,https://www.marvel.com/characters/spider-man-peter-parker/in-comics,researched_summary,28-08-2026,Does Spider-Man heal quickly?,"Spider-Man versions often have enhanced recovery, but the exact extent varies by continuity."
97,movies,Spider-Man 3 (2007),https://www.sonypictures.com/movies/spidermanbrandnewday,researched_summary,28-08-2026,Give me a concise explanation of Spider-Man 3 about.,"Spider-Man 3 continues the Tobey Maguire series with Peter facing multiple threats including Sandman, Venom, and a new Green Goblin."
159,games,Spider-Man 2 playable heroes,https://www.playstation.com/en-in/games/marvels-spider-man-2/,researched_summary,28-08-2026,Can you play as both Peter and Miles in Spider-Man 2?,Marvel's Spider-Man 2 lets players switch between Peter Parker and Miles Morales.
42,villains,Mysterio,https://www.marvel.com/characters/spider-man-peter-parker/in-comics,researched_summary,28-08-2026,Who is Mysterio?,"Mysterio is a master of illusion and deception, commonly associated with Quentin Beck."
192,grounding,unverified favorite food,https://www.marvel.com/characters/spider-man-miles-morales/in-comics,grounding_example,28-08-2026,What is Peter Parker's officially confirmed favorite food?,There is no single universally established official answer across Spider-Man continuities. The AI should not invent one.
102,movies,Spider-Man: Homecoming (2017),https://www.sonypictures.com/movies/spidermanbrandnewday,researched_summary,28-08-2026,What is Spider-Man: Homecoming about?,Spider-Man: Homecoming stars Tom Holland and follows Peter Parker balancing high school with superhero responsibilities under the broader MCU setting.
27,powers,strength,https://www.marvel.com/characters/spider-man-peter-parker/in-comics,researched_summary,28-08-2026,How strong is Spider-Man?,Spider-Man possesses superhuman physical strength that is substantially beyond a normal human's capabilities.
147,production,Pascal Pictures,https://www.sonypictures.com/movies/spidermanbrandnewday,researched_summary,28-08-2026,What is Pascal Pictures' connection to Brand New Day?,Pascal Pictures is listed among the production/financing companies for Spider-Man: Brand New Day.
149,games,Marvel's Spider-Man (2018),https://www.playstation.com/en-in/games/marvels-spider-man-2/,researched_summary,28-08-2026,Give me a concise explanation of Marvel's Spider-Man (2018) game.,Marvel's Spider-Man is an action-adventure game developed by Insomniac Games and published by Sony Interactive Entertainment.
183,future,Beyond the Spider-Verse,https://www.sonypictures.com/movies/spidermanbrandnewday,researched_summary,28-08-2026,What is the next Spider-Verse movie listed after Across the Spider-Verse?,"The Numbers franchise listing currently places Spider-Man: Beyond the Spider-Verse on June 17, 2027, but this should be treated as a current listing rather than an immutable fact."
3,characters,Peter Parker,https://www.marvel.com/characters/spider-man-peter-parker/in-comics,researched_summary,28-08-2026,How would you describe Peter Parker?,Peter Parker is a science-minded New Yorker whose life combines ordinary responsibilities with his work as Spider-Man.
47,villains,Lizard,https://www.marvel.com/characters/spider-man-peter-parker/in-comics,researched_summary,28-08-2026,Tell me about the Lizard.,"The Lizard is commonly associated with Dr. Curt Connors, whose scientific work transforms him into a reptilian creature."
105,movies,Spider-Man: Far From Home (2019),https://www.sonypictures.com/movies/spidermanbrandnewday,researched_summary,28-08-2026,Give me a concise explanation of Spider-Man: Far From Home about.,Spider-Man: Far From Home follows Peter on a European trip while he faces a new threat involving Mysterio.
145,production,Marvel Studios,https://www.sonypictures.com/movies/spidermanbrandnewday,researched_summary,28-08-2026,What role does Marvel Studios have in Spider-Man films?,Marvel Studios is a key production partner on the MCU Spider-Man films and is listed with Brand New Day.
160,games,Spider-Man 2 setting,https://www.playstation.com/en-in/games/marvels-spider-man-2/,researched_summary,28-08-2026,Where is Marvel's Spider-Man 2 set?,Marvel's Spider-Man 2 expands its version of Marvel's New York to include areas such as Brooklyn and Queens.
37,villains,Doctor Octopus,https://www.marvel.com/characters/spider-man-peter-parker/in-comics,researched_summary,28-08-2026,Tell me about Doctor Octopus.,"Doctor Octopus, usually Otto Octavius, is a brilliant scientist who becomes one of Spider-Man's most persistent enemies."
187,grounding,unknown fact,https://www.marvel.com/characters/spider-man-peter-parker/in-comics,researched_summary,28-08-2026,What should the Spider-Man AI do when it does not know a fact?,"If a Spider-Man detail is not established by the source or continuity being discussed, the model should say that it is unknown or not established instead of inventing a fact."
23,characters,Ganke Lee,https://www.marvel.com/characters/spider-man-peter-parker/in-comics,researched_summary,28-08-2026,Tell me about Ganke Lee.,Ganke Lee is Miles Morales's close friend and an important ally who helps him protect his secret identity in the comics.
128,movie_business,Far From Home budget,https://www.the-numbers.com/movies/franchise/Spider-Man,researched_summary,28-08-2026,What was the budget of Spider-Man: Far From Home?,Spider-Man: Far From Home had a reported production budget of about $160 million.
91,relationships,Peter and Avengers,https://www.marvel.com/characters/mary-jane-watson,researched_summary,28-08-2026,Is Spider-Man an Avenger?,"Spider-Man has been associated with the Avengers at various points in Marvel Comics, connecting him to a wider superhero community."
34,villains,Green Goblin,https://www.marvel.com/characters/spider-man-peter-parker/in-comics,researched_summary,28-08-2026,Who is Green Goblin?,Green Goblin is one of Spider-Man's most important enemies and is strongly associated with Norman Osborn.
12,characters,Mary Jane Watson,https://www.marvel.com/characters/spider-man-peter-parker/in-comics,researched_summary,28-08-2026,Tell me about Mary Jane Watson.,Mary Jane Watson is one of Peter Parker's closest relationships and a major recurring character in Spider-Man stories.
126,movie_business,Homecoming budget,https://www.the-numbers.com/movies/franchise/Spider-Man,researched_summary,28-08-2026,What was the budget of Spider-Man: Homecoming?,Spider-Man: Homecoming had a reported production budget of about $175 million in The Numbers database.
156,games,Spider-Man 2 developer,https://www.playstation.com/en-in/games/marvels-spider-man-2/,researched_summary,28-08-2026,Who developed Marvel's Spider-Man 2?,Marvel's Spider-Man 2 was developed by Insomniac Games.
7,characters,Miles Morales,https://www.marvel.com/characters/spider-man-peter-parker/in-comics,researched_summary,28-08-2026,Who is Miles Morales?,Miles Morales is another major Spider-Man who originated in an alternate universe and later became part of the main Marvel continuity.
28,powers,strength,https://www.marvel.com/characters/spider-man-peter-parker/in-comics,researched_summary,28-08-2026,How strong is Spider-Man — explain briefly.,Spider-Man possesses superhuman physical strength that is substantially beyond a normal human's capabilities.
110,movies,Across the Spider-Verse (2023),https://www.sonypictures.com/movies/spidermanbrandnewday,researched_summary,28-08-2026,What is Across the Spider-Verse about?,Across the Spider-Verse follows Miles Morales as he encounters a larger network of Spider-People across the multiverse.
5,characters,Spider-Man,https://www.marvel.com/characters/spider-man-peter-parker/in-comics,researched_summary,28-08-2026,Who is Spider-Man?,"Spider-Man is the superhero identity primarily associated with Peter Parker, although many other characters have carried the mantle."
33,powers,healing,https://www.marvel.com/characters/spider-man-peter-parker/in-comics,researched_summary,28-08-2026,Does Spider-Man heal quickly Give me the context.,"Spider-Man versions often have enhanced recovery, but the exact extent varies by continuity."
194,grounding,rumor handling,https://www.marvel.com/characters/spider-man-miles-morales/in-comics,grounding_example,28-08-2026,Is a rumored Spider-Man casting announcement confirmed?,Not necessarily. A rumor should be labeled as a rumor unless it is supported by an official announcement or reliable current reporting.
142,actors,Jacob Batalon,https://www.sonypictures.com/movies/spidermanbrandnewday,researched_summary,28-08-2026,Who plays Ned Leeds?,Jacob Batalon plays Ned Leeds in the MCU Spider-Man films.
99,movies,The Amazing Spider-Man (2012),https://www.sonypictures.com/movies/spidermanbrandnewday,researched_summary,28-08-2026,Give me a concise explanation of The Amazing Spider-Man (2012) about.,The Amazing Spider-Man stars Andrew Garfield as Peter Parker and centers on his investigation into his parents and Dr. Curt Connors.
141,actors,Zendaya,https://www.sonypictures.com/movies/spidermanbrandnewday,researched_summary,28-08-2026,Who plays MJ in the MCU Spider-Man films?,Zendaya plays MJ in the MCU Spider-Man films.
11,characters,Mary Jane Watson,https://www.marvel.com/characters/spider-man-peter-parker/in-comics,researched_summary,28-08-2026,Who is Mary Jane Watson?,Mary Jane Watson is one of Peter Parker's closest relationships and a major recurring character in Spider-Man stories.
63,allies,Daredevil,https://www.marvel.com/characters/spider-man-peter-parker/in-comics,researched_summary,28-08-2026,Does Spider-Man work with Daredevil Give me the context.,Daredevil and Spider-Man are fellow New York heroes who have worked together in many stories.
101,movies,The Amazing Spider-Man 2 (2014),https://www.sonypictures.com/movies/spidermanbrandnewday,researched_summary,28-08-2026,Give me a concise explanation of The Amazing Spider-Man 2 about.,The Amazing Spider-Man 2 features Peter facing Electro while Harry Osborn returns and the story expands the OsCorp conflict.
143,actors,Jon Bernthal,https://www.sonypictures.com/movies/spidermanbrandnewday,researched_summary,28-08-2026,Who is Jon Bernthal playing in Brand New Day?,Jon Bernthal is listed in the cast of Spider-Man: Brand New Day as Frank Castle/Punisher in the film's announced cast.
1,characters,Peter Parker,https://www.marvel.com/characters/spider-man-peter-parker/in-comics,researched_summary,28-08-2026,Who is Peter Parker?,Peter Parker is the character most commonly associated with the Spider-Man identity in Marvel Comics.
176,story,multiverse,https://www.marvel.com/characters/spider-man-peter-parker/in-comics,researched_summary,28-08-2026,Give me a concise explanation of the Spider-Verse.,The Spider-Verse concept allows multiple Spider-People and alternate realities to coexist.
179,future,Brand New Day status,https://www.sonypictures.com/movies/spidermanbrandnewday,researched_summary,28-08-2026,What is the major live-action Spider-Man project in 2026?,"As of August 28, 2026, Sony lists Spider-Man: Brand New Day as a 2026 film starring Tom Holland, directed by Destin Daniel Cretton."
71,allies,Deadpool,https://www.marvel.com/characters/spider-man-peter-parker/in-comics,researched_summary,28-08-2026,Does Spider-Man team up with Deadpool?,Spider-Man and Deadpool are frequently paired in Marvel stories and have a relationship built around contrasting personalities and humor.
112,movies,Brand New Day (2026),https://www.sonypictures.com/movies/spidermanbrandnewday,researched_summary,28-08-2026,What is Spider-Man: Brand New Day?,Spider-Man: Brand New Day is a 2026 live-action film directed by Destin Daniel Cretton and starring Tom Holland; Sony describes Peter as fighting crime full-time in a world that does not remember him.
65,allies,Captain America,https://www.marvel.com/characters/spider-man-peter-parker/in-comics,researched_summary,28-08-2026,Does Spider-Man work with Captain America?,Spider-Man has fought alongside Captain America in Marvel stories and has interacted with him as a fellow hero.
45,villains,Kraven the Hunter,https://www.marvel.com/characters/spider-man-peter-parker/in-comics,researched_summary,28-08-2026,Tell me about Kraven the Hunter.,Kraven is a hunter who views Spider-Man as a premier challenge and has repeatedly pursued him.
127,movie_business,Homecoming worldwide,https://www.the-numbers.com/movies/franchise/Spider-Man,researched_summary,28-08-2026,How much did Spider-Man: Homecoming make worldwide?,Spider-Man: Homecoming earned about $878.9 million worldwide according to The Numbers.
29,powers,agility,https://www.marvel.com/characters/spider-man-peter-parker/in-comics,researched_summary,28-08-2026,What makes Spider-Man so agile?,Spider-Man has enhanced agility and reflexes that support his acrobatic fighting and movement.
41,villains,Carnage,https://www.marvel.com/characters/spider-man-peter-parker/in-comics,researched_summary,28-08-2026,Tell me about Carnage.,"Carnage is a violent symbiote-linked antagonist, most commonly associated with Cletus Kasady."
118,movie_business,Spider-Man (2002) budget,https://www.the-numbers.com/movies/franchise/Spider-Man,researched_summary,28-08-2026,What was the budget of Spider-Man (2002)?,Spider-Man (2002) had a reported production budget of about $139 million in The Numbers database.
181,future,Brand New Day premise,https://www.sonypictures.com/movies/spidermanbrandnewday,researched_summary,28-08-2026,What is the premise of Brand New Day?,"Sony's official synopsis says Peter is fighting crime full-time in a world that does not remember him, while a new unseen threat emerges."
153,games,Marvel's Spider-Man: Miles Morales,https://www.playstation.com/en-in/games/marvels-spider-man-2/,researched_summary,28-08-2026,Give me a concise explanation of Marvel's Spider-Man: Miles Morales.,Marvel's Spider-Man: Miles Morales is a follow-up game centered on Miles Morales and his life as Spider-Man.
26,powers,wall-crawling,https://www.marvel.com/characters/spider-man-peter-parker/in-comics,researched_summary,28-08-2026,Can Spider-Man climb walls?,Spider-Man can adhere to and move across walls and other surfaces.
24,powers,Spider-Sense,https://www.marvel.com/characters/spider-man-peter-parker/in-comics,researched_summary,28-08-2026,What is Spider-Sense?,"Spider-Sense is Spider-Man's danger-detection ability, warning him about threats before they fully reach him."
148,games,Marvel's Spider-Man (2018),https://www.playstation.com/en-in/games/marvels-spider-man-2/,researched_summary,28-08-2026,What is Marvel's Spider-Man (2018) game?,Marvel's Spider-Man is an action-adventure game developed by Insomniac Games and published by Sony Interactive Entertainment.
144,production,Sony Pictures,https://www.sonypictures.com/movies/spidermanbrandnewday,researched_summary,28-08-2026,What studio is strongly associated with Spider-Man films?,Sony Pictures is the studio behind the Columbia Pictures Spider-Man film franchise.
82,relationships,Peter and Ned,https://www.marvel.com/characters/mary-jane-watson,researched_summary,28-08-2026,What is Peter's relationship with Ned in the MCU?,The Peter-Ned relationship varies by adaptation; in the MCU films Ned Leeds is Peter's close friend and confidant.
109,movies,Into the Spider-Verse (2018),https://www.sonypictures.com/movies/spidermanbrandnewday,researched_summary,28-08-2026,Give me a concise explanation of Into the Spider-Verse about.,Into the Spider-Verse introduces Miles Morales and explores a multiverse containing multiple Spider-People.
80,relationships,Peter and Gwen,https://www.marvel.com/characters/mary-jane-watson,researched_summary,28-08-2026,What is Peter Parker's relationship with Gwen Stacy?,"Gwen Stacy is one of Peter Parker's major early romantic relationships, and her death has a lasting effect on Peter in classic comics."
85,relationships,Peter and Aunt May,https://www.marvel.com/characters/mary-jane-watson,researched_summary,28-08-2026,How important is Aunt May to Peter — explain briefly.,Aunt May is Peter's family anchor and one of the people most closely connected to his civilian life.
40,villains,Carnage,https://www.marvel.com/characters/spider-man-peter-parker/in-comics,researched_summary,28-08-2026,Who is Carnage?,"Carnage is a violent symbiote-linked antagonist, most commonly associated with Cletus Kasady."
62,allies,Daredevil,https://www.marvel.com/characters/spider-man-peter-parker/in-comics,researched_summary,28-08-2026,Does Spider-Man work with Daredevil?,Daredevil and Spider-Man are fellow New York heroes who have worked together in many stories.
121,movie_business,Spider-Man 2 worldwide,https://www.the-numbers.com/movies/franchise/Spider-Man,researched_summary,28-08-2026,How much did Spider-Man 2 make worldwide?,Spider-Man 2 (2004) earned about $797.0 million worldwide according to The Numbers.
87,relationships,Peter and Uncle Ben,https://www.marvel.com/characters/mary-jane-watson,researched_summary,28-08-2026,How does Uncle Ben influence Peter — explain briefly.,Uncle Ben's death and moral example are foundational to Peter's understanding of responsibility.
78,relationships,Peter and Harry,https://www.marvel.com/characters/mary-jane-watson,researched_summary,28-08-2026,What is Peter Parker's relationship with Harry Osborn?,Peter Parker and Harry Osborn are longtime friends whose relationship is strained by Norman Osborn's Green Goblin identity and Harry's own struggles.
191,grounding,future projects,https://www.marvel.com/characters/spider-man-peter-parker/in-comics,researched_summary,28-08-2026,How should the model distinguish confirmed Spider-Man projects from rumors — explain briefly.,"The model should distinguish officially announced projects from rumors, leaks or fan theories."
165,crossovers,Spider-Man and Fantastic Four,https://www.marvel.com/characters/spider-man-peter-parker/in-comics,researched_summary,28-08-2026,Does Spider-Man interact with the Fantastic Four Give me the context.,"Spider-Man has longstanding relationships with members of the Fantastic Four, especially Johnny Storm."
48,villains,Electro,https://www.marvel.com/characters/spider-man-peter-parker/in-comics,researched_summary,28-08-2026,Who is Electro?,"Electro is a Spider-Man villain associated with electrical powers and, in the comics, with Max Dillon."
95,movies,Spider-Man 2 (2004),https://www.sonypictures.com/movies/spidermanbrandnewday,researched_summary,28-08-2026,Give me a concise explanation of Spider-Man 2 (2004) about.,Spider-Man 2 follows Peter Parker as he struggles with his personal life and responsibilities while facing Doctor Octopus.
151,games,Marvel's Spider-Man protagonist,https://www.playstation.com/en-in/games/marvels-spider-man-2/,researched_summary,28-08-2026,Tell me about the main Spider-Man in Marvel's Spider-Man.,Marvel's Spider-Man presents an experienced Peter Parker as its main playable Spider-Man.
44,villains,Kraven the Hunter,https://www.marvel.com/characters/spider-man-peter-parker/in-comics,researched_summary,28-08-2026,Who is Kraven the Hunter?,Kraven is a hunter who views Spider-Man as a premier challenge and has repeatedly pursued him.
175,story,multiverse,https://www.marvel.com/characters/spider-man-peter-parker/in-comics,researched_summary,28-08-2026,What is the Spider-Verse?,The Spider-Verse concept allows multiple Spider-People and alternate realities to coexist.
4,characters,Peter Parker,https://www.marvel.com/characters/spider-man-peter-parker/in-comics,researched_summary,28-08-2026,How would you describe Peter Parker — explain briefly.,Peter Parker is a science-minded New Yorker whose life combines ordinary responsibilities with his work as Spider-Man.
106,movies,Spider-Man: No Way Home (2021),https://www.sonypictures.com/movies/spidermanbrandnewday,researched_summary,28-08-2026,What is Spider-Man: No Way Home about?,Spider-Man: No Way Home centers on Peter's attempt to solve a multiversal crisis after a spell causes villains from other Spider-Man realities to enter his world.
54,villains,Rhino,https://www.marvel.com/characters/spider-man-peter-parker/in-comics,researched_summary,28-08-2026,Who is Rhino?,"Rhino is a physically powerful Spider-Man enemy known for a heavily armored, rhinoceros-like form."
134,movie_business,Across the Spider-Verse budget,https://www.the-numbers.com/movies/franchise/Spider-Man,researched_summary,28-08-2026,What was the budget of Across the Spider-Verse?,Across the Spider-Verse had a reported production budget of about $100 million.
177,story,Miles mantle,https://www.marvel.com/characters/spider-man-peter-parker/in-comics,researched_summary,28-08-2026,Is Spider-Man only Peter Parker?,"Miles Morales is one of the characters who carries the Spider-Man identity, demonstrating that Spider-Man is a mantle as well as a specific character."
154,games,Marvel's Spider-Man 2,https://www.playstation.com/en-in/games/marvels-spider-man-2/,researched_summary,28-08-2026,What is Marvel's Spider-Man 2?,Marvel's Spider-Man 2 is a 2023 PS5 action-adventure game featuring both Peter Parker and Miles Morales.
182,future,Brand New Day premise,https://www.sonypictures.com/movies/spidermanbrandnewday,researched_summary,28-08-2026,Give me a concise explanation of the premise of Brand New Day.,"Sony's official synopsis says Peter is fighting crime full-time in a world that does not remember him, while a new unseen threat emerges."
50,villains,Sandman,https://www.marvel.com/characters/spider-man-peter-parker/in-comics,researched_summary,28-08-2026,Who is Sandman?,Sandman is a Spider-Man villain whose body can transform into sand and whose classic identity is Flint Marko.
81,relationships,Peter and Gwen,https://www.marvel.com/characters/mary-jane-watson,researched_summary,28-08-2026,Give me a concise explanation of Peter Parker's relationship with Gwen Stacy.,"Gwen Stacy is one of Peter Parker's major early romantic relationships, and her death has a lasting effect on Peter in classic comics."
35,villains,Green Goblin,https://www.marvel.com/characters/spider-man-peter-parker/in-comics,researched_summary,28-08-2026,Tell me about Green Goblin.,Green Goblin is one of Spider-Man's most important enemies and is strongly associated with Norman Osborn.
8,characters,Miles Morales,https://www.marvel.com/characters/spider-man-peter-parker/in-comics,researched_summary,28-08-2026,Tell me about Miles Morales.,Miles Morales is another major Spider-Man who originated in an alternate universe and later became part of the main Marvel continuity.
111,movies,Across the Spider-Verse (2023),https://www.sonypictures.com/movies/spidermanbrandnewday,researched_summary,28-08-2026,Give me a concise explanation of Across the Spider-Verse about.,Across the Spider-Verse follows Miles Morales as he encounters a larger network of Spider-People across the multiverse.
92,movies,Spider-Man (2002),https://www.sonypictures.com/movies/spidermanbrandnewday,researched_summary,28-08-2026,What is Spider-Man (2002) about?,Sam Raimi's Spider-Man (2002) stars Tobey Maguire as Peter Parker and follows his transformation into Spider-Man and conflict with Norman Osborn's Green Goblin.
84,relationships,Peter and Aunt May,https://www.marvel.com/characters/mary-jane-watson,researched_summary,28-08-2026,How important is Aunt May to Peter?,Aunt May is Peter's family anchor and one of the people most closely connected to his civilian life.
173,story,responsibility,https://www.marvel.com/characters/spider-man-peter-parker/in-comics,researched_summary,28-08-2026,Give me a concise explanation of the central moral idea behind Spider-Man.,Spider-Man stories repeatedly connect Peter's powers to a strong sense of responsibility toward other people.
178,story,canon uncertainty,https://www.marvel.com/characters/spider-man-peter-parker/in-comics,researched_summary,28-08-2026,Why can Spider-Man facts sometimes conflict?,"Spider-Man continuity differs across comics, movies, television, games and alternate universes, so an answer should specify the version when necessary."
90,relationships,MJ and Harry,https://www.marvel.com/characters/mary-jane-watson,researched_summary,28-08-2026,Give me a concise explanation of the relationship between MJ and Harry.,"Mary Jane and Harry have been friends and romantic partners at different points, but MJ's strongest long-term romantic connection is with Peter."
9,characters,Gwen Stacy,https://www.marvel.com/characters/spider-man-peter-parker/in-comics,researched_summary,28-08-2026,Who is Gwen Stacy to Peter Parker?,Gwen Stacy is an important character in Peter Parker's history and one of his major early romantic relationships in the comics.
14,characters,Harry Osborn,https://www.marvel.com/characters/spider-man-peter-parker/in-comics,researched_summary,28-08-2026,Tell me about Harry Osborn.,Harry Osborn is Peter Parker's longtime friend and the son of Norman Osborn; his relationship with Peter becomes complicated by his father's identity as Green Goblin.
60,allies,Human Torch,https://www.marvel.com/characters/spider-man-peter-parker/in-comics,researched_summary,28-08-2026,Who is Spider-Man's friendship with Human Torch like?,"Johnny Storm, the Human Torch, is one of Spider-Man's closest superhero friends and frequent friendly rivals."
168,crossovers,Spider-Man and Black Cat,https://www.marvel.com/characters/spider-man-peter-parker/in-comics,researched_summary,28-08-2026,Is Black Cat an ally or enemy of Spider-Man?,"Black Cat is both an ally and an occasional romantic interest for Peter Parker, making their partnership complicated."
132,movie_business,Into the Spider-Verse budget,https://www.the-numbers.com/movies/franchise/Spider-Man,researched_summary,28-08-2026,What was the budget of Into the Spider-Verse?,Into the Spider-Verse had a reported production budget of about $90 million.
18,characters,Aunt May,https://www.marvel.com/characters/spider-man-peter-parker/in-comics,researched_summary,28-08-2026,Tell me about Aunt May.,Aunt May is Peter Parker's aunt and one of the central family figures in his life.
73,allies,Ms. Marvel,https://www.marvel.com/characters/spider-man-peter-parker/in-comics,researched_summary,28-08-2026,Has Spider-Man teamed up with Ms. Marvel?,"Kamala Khan has teamed up with Spider-Man in Marvel stories, including conflicts involving major supernatural and superhuman threats."
172,story,responsibility,https://www.marvel.com/characters/spider-man-peter-parker/in-comics,researched_summary,28-08-2026,What is the central moral idea behind Spider-Man?,Spider-Man stories repeatedly connect Peter's powers to a strong sense of responsibility toward other people.
135,movie_business,Across the Spider-Verse worldwide,https://www.the-numbers.com/movies/franchise/Spider-Man,researched_summary,28-08-2026,How much did Across the Spider-Verse make worldwide?,Across the Spider-Verse earned about $690.8 million worldwide.
164,crossovers,Spider-Man and Fantastic Four,https://www.marvel.com/characters/spider-man-peter-parker/in-comics,researched_summary,28-08-2026,Does Spider-Man interact with the Fantastic Four?,"Spider-Man has longstanding relationships with members of the Fantastic Four, especially Johnny Storm."
195,grounding,adaptation differences,https://www.marvel.com/characters/spider-man-miles-morales/in-comics,grounding_example,28-08-2026,Why is Ned Leeds different in the MCU compared with some comic stories?,"Adaptations can substantially reinterpret characters. The MCU's Ned is Peter's close friend and differs from several comic portrayals, so the answer should specify the continuity."
64,allies,Wolverine,https://www.marvel.com/characters/spider-man-peter-parker/in-comics,researched_summary,28-08-2026,Has Spider-Man worked with Wolverine?,Spider-Man and Wolverine have worked together as Marvel heroes and have shared team affiliations and adventures.
55,villains,Rhino,https://www.marvel.com/characters/spider-man-peter-parker/in-comics,researched_summary,28-08-2026,Tell me about Rhino.,"Rhino is a physically powerful Spider-Man enemy known for a heavily armored, rhinoceros-like form."
108,movies,Into the Spider-Verse (2018),https://www.sonypictures.com/movies/spidermanbrandnewday,researched_summary,28-08-2026,What is Into the Spider-Verse about?,Into the Spider-Verse introduces Miles Morales and explores a multiverse containing multiple Spider-People.
51,villains,Sandman,https://www.marvel.com/characters/spider-man-peter-parker/in-comics,researched_summary,28-08-2026,Tell me about Sandman.,Sandman is a Spider-Man villain whose body can transform into sand and whose classic identity is Flint Marko.
193,grounding,unverified blood type,https://www.marvel.com/characters/spider-man-miles-morales/in-comics,grounding_example,28-08-2026,What is Peter Parker's official blood type?,"If the requested continuity/source does not establish a blood type, the correct response is that it is not established rather than guessing."
59,villains,Hobgoblin,https://www.marvel.com/characters/spider-man-peter-parker/in-comics,researched_summary,28-08-2026,Tell me about Hobgoblin.,"Hobgoblin is a villain identity used by multiple characters in Spider-Man stories, most famously involving Roderick Kingsley."
49,villains,Electro,https://www.marvel.com/characters/spider-man-peter-parker/in-comics,researched_summary,28-08-2026,Tell me about Electro.,"Electro is a Spider-Man villain associated with electrical powers and, in the comics, with Max Dillon."
89,relationships,MJ and Harry,https://www.marvel.com/characters/mary-jane-watson,researched_summary,28-08-2026,What is the relationship between MJ and Harry?,"Mary Jane and Harry have been friends and romantic partners at different points, but MJ's strongest long-term romantic connection is with Peter."
22,characters,Ganke Lee,https://www.marvel.com/characters/spider-man-peter-parker/in-comics,researched_summary,28-08-2026,Who is Ganke Lee?,Ganke Lee is Miles Morales's close friend and an important ally who helps him protect his secret identity in the comics.
58,villains,Hobgoblin,https://www.marvel.com/characters/spider-man-peter-parker/in-comics,researched_summary,28-08-2026,Who is Hobgoblin?,"Hobgoblin is a villain identity used by multiple characters in Spider-Man stories, most famously involving Roderick Kingsley."
161,games,Insomniac Games,https://www.playstation.com/en-in/games/marvels-spider-man-2/,researched_summary,28-08-2026,Which studio developed the modern Spider-Man PlayStation games?,Insomniac Games developed the modern Marvel's Spider-Man game series for PlayStation.
190,grounding,future projects,https://www.marvel.com/characters/spider-man-peter-parker/in-comics,researched_summary,28-08-2026,How should the model distinguish confirmed Spider-Man projects from rumors?,"The model should distinguish officially announced projects from rumors, leaks or fan theories."
130,movie_business,No Way Home budget,https://www.the-numbers.com/movies/franchise/Spider-Man,researched_summary,28-08-2026,What was the budget of Spider-Man: No Way Home?,Spider-Man: No Way Home had a reported production budget of about $200 million.
38,villains,Venom,https://www.marvel.com/characters/spider-man-peter-parker/in-comics,researched_summary,28-08-2026,Who is Venom?,"Venom is a symbiote-based character whose relationship to Spider-Man varies between enemy, anti-hero, and uneasy ally depending on the story."
158,games,Spider-Man 2 villains,https://www.playstation.com/en-in/games/marvels-spider-man-2/,researched_summary,28-08-2026,Which major villains appear in Marvel's Spider-Man 2?,"Marvel's Spider-Man 2 features Venom, Kraven the Hunter, Lizard and other villains."
185,future,future uncertainty,https://www.sonypictures.com/movies/spidermanbrandnewday,researched_summary,28-08-2026,How should a Spider-Man AI handle rumors about future projects?,"Future Spider-Man projects can change release dates, casts, plots and production details; training data should label rumors separately from confirmed information."
2,characters,Peter Parker,https://www.marvel.com/characters/spider-man-peter-parker/in-comics,researched_summary,28-08-2026,Tell me about Peter Parker.,Peter Parker is the character most commonly associated with the Spider-Man identity in Marvel Comics.
53,villains,Vulture,https://www.marvel.com/characters/spider-man-peter-parker/in-comics,researched_summary,28-08-2026,Tell me about Vulture.,Vulture is a recurring Spider-Man villain associated with Adrian Toomes and advanced flight technology.
150,games,Marvel's Spider-Man protagonist,https://www.playstation.com/en-in/games/marvels-spider-man-2/,researched_summary,28-08-2026,Who is the main Spider-Man in Marvel's Spider-Man?,Marvel's Spider-Man presents an experienced Peter Parker as its main playable Spider-Man.
131,movie_business,No Way Home worldwide,https://www.the-numbers.com/movies/franchise/Spider-Man,researched_summary,28-08-2026,How much did No Way Home make worldwide?,Spider-Man: No Way Home earned about $1.921 billion worldwide according to The Numbers.
152,games,Marvel's Spider-Man: Miles Morales,https://www.playstation.com/en-in/games/marvels-spider-man-2/,researched_summary,28-08-2026,What is Marvel's Spider-Man: Miles Morales?,Marvel's Spider-Man: Miles Morales is a follow-up game centered on Miles Morales and his life as Spider-Man.
104,movies,Spider-Man: Far From Home (2019),https://www.sonypictures.com/movies/spidermanbrandnewday,researched_summary,28-08-2026,What is Spider-Man: Far From Home about?,Spider-Man: Far From Home follows Peter on a European trip while he faces a new threat involving Mysterio.
100,movies,The Amazing Spider-Man 2 (2014),https://www.sonypictures.com/movies/spidermanbrandnewday,researched_summary,28-08-2026,What is The Amazing Spider-Man 2 about?,The Amazing Spider-Man 2 features Peter facing Electro while Harry Osborn returns and the story expands the OsCorp conflict.
117,movies,Brand New Day cast,https://www.sonypictures.com/movies/spidermanbrandnewday,researched_summary,28-08-2026,Tell me about in the cast of Spider-Man: Brand New Day.,"The announced cast includes Tom Holland, Zendaya, Sadie Sink, Jacob Batalon, Jon Bernthal, Tramell Tillman, Michael Mando and Mark Ruffalo."
88,relationships,Peter and Miles,https://www.marvel.com/characters/mary-jane-watson,researched_summary,28-08-2026,Are Peter Parker and Miles Morales partners?,Peter and Miles share the Spider-Man mantle in some continuities and can work together as partners.
75,allies,Miles and Peter,https://www.marvel.com/characters/spider-man-peter-parker/in-comics,researched_summary,28-08-2026,How are Peter Parker and Miles Morales connected — explain briefly.,"Peter Parker and Miles Morales can operate as a Spider-Man partnership, with Peter often serving as a mentor or older-brother figure to Miles."
122,movie_business,The Amazing Spider-Man budget,https://www.the-numbers.com/movies/franchise/Spider-Man,researched_summary,28-08-2026,What was the budget of The Amazing Spider-Man?,The Amazing Spider-Man (2012) had a reported production budget of about $220 million.
196,grounding,Miles continuity,https://www.marvel.com/characters/spider-man-miles-morales/in-comics,grounding_example,28-08-2026,Is Miles Morales exactly the same character in every Spider-Man movie and comic?,"No. Miles exists in different continuities and adaptations, so details about his origin, relationships and powers can differ."
21,characters,J. Jonah Jameson,https://www.marvel.com/characters/spider-man-peter-parker/in-comics,researched_summary,28-08-2026,Tell me about J. Jonah Jameson.,J. Jonah Jameson is a longtime Spider-Man supporting character and a frequent critic of Spider-Man in many versions of the story.
189,grounding,financial figures,https://www.marvel.com/characters/spider-man-peter-parker/in-comics,researched_summary,28-08-2026,Why should movie financial figures be source-labeled?,Movie budgets and box-office totals should be labeled as source-reported figures because databases can differ in accounting methods and later reissues.
72,allies,Deadpool,https://www.marvel.com/characters/spider-man-peter-parker/in-comics,researched_summary,28-08-2026,Does Spider-Man team up with Deadpool Give me the context.,Spider-Man and Deadpool are frequently paired in Marvel stories and have a relationship built around contrasting personalities and humor.
107,movies,Spider-Man: No Way Home (2021),https://www.sonypictures.com/movies/spidermanbrandnewday,researched_summary,28-08-2026,Give me a concise explanation of Spider-Man: No Way Home about.,Spider-Man: No Way Home centers on Peter's attempt to solve a multiversal crisis after a spell causes villains from other Spider-Man realities to enter his world.
15,characters,Ned Leeds,https://www.marvel.com/characters/spider-man-peter-parker/in-comics,researched_summary,28-08-2026,Who is Ned Leeds?,Ned Leeds is a Spider-Man-associated character whose identity and characterization vary substantially between comics and film adaptations.
93,movies,Spider-Man (2002),https://www.sonypictures.com/movies/spidermanbrandnewday,researched_summary,28-08-2026,Give me a concise explanation of Spider-Man (2002) about.,Sam Raimi's Spider-Man (2002) stars Tobey Maguire as Peter Parker and follows his transformation into Spider-Man and conflict with Norman Osborn's Green Goblin.
180,future,Brand New Day status,https://www.sonypictures.com/movies/spidermanbrandnewday,researched_summary,28-08-2026,Give me a concise explanation of the major live-action Spider-Man project in 2026.,"As of August 28, 2026, Sony lists Spider-Man: Brand New Day as a 2026 film starring Tom Holland, directed by Destin Daniel Cretton."
103,movies,Spider-Man: Homecoming (2017),https://www.sonypictures.com/movies/spidermanbrandnewday,researched_summary,28-08-2026,Give me a concise explanation of Spider-Man: Homecoming about.,Spider-Man: Homecoming stars Tom Holland and follows Peter Parker balancing high school with superhero responsibilities under the broader MCU setting.
